{"cameraMode":{"drawMode":0,"name":"Shaded","section":"Shading Mode"},"sceneLighting":false,"audioPlay":false,"sceneViewState":{"showFog":true,"showMaterialUpdate":false,"showSkybox":false,"showFlares":true,"showImageEffects":true,"showParticleSystems":true},"in2DMode":false,"pivot":{"x":204.904052734375,"y":45.24388122558594,"z":28.813270568847658},"rotation":{"x":-0.007221362553536892,"y":0.900510311126709,"z":-0.4350007176399231,"w":-0.016410497948527337},"size":16.941713333129884,"orthographic":false}